Workbook

Sheet Doors
A1: Case Type | B1: Size | C1: Qty Ft | D1: W/Ft with out doors | E1: % Savings | F1: W/FT with doors | G1: COP | H1: Direct Enegy without doors per foot | I1: Direct Enegy with doors per foot
A2: Dairy Std | D2: 450 | E2: 50 | F2: =D2*E2% -> 225 | G2: ='Ref Type'!B3 -> 2.3 | H2: =D2/G2 -> 195.65217 | I2: =F2/G2 -> 97.826087
A3: Dairy Lofty 2003-2009 | D3: 570 | E3: 50 | F3: =D3*E3% -> 285 | G3: ='Ref Type'!B3 -> 2.3 | H3: =D3/G3 -> 247.82609 | I3: =F3/G3 -> 123.91304
A4: Dairy Lofty 2009 onwards | D4: 480 | E4: 50 | F4: =D4*E4% -> 240 | G4: ='Ref Type'!B3 -> 2.3 | H4: =D4/G4 -> 208.69565 | I4: =F4/G4 -> 104.34783
A5: 800 Dairy | D5: 340 | E5: 50 | F5: =D5*E5% -> 170 | G5: ='Ref Type'!B3 -> 2.3 | H5: =D5/G5 -> 147.82609 | I5: =F5/G5 -> 73.913043
A6: 800 Dairy Lofty | D6: 380 | E6: 50 | F6: =D6*E6% -> 190 | G6: ='Ref Type'!B3 -> 2.3 | H6: =D6/G6 -> 165.21739 | I6: =F6/G6 -> 82.608696
A7: Huberg Lofty | D7: 410 | E7: 40 | F7: =D7*E7% -> 164 | G7: ='Ref Type'!B3 -> 2.3 | H7: =D7/G7 -> 178.26087 | I7: =F7/G7 -> 71.304348
A8: 800 Huberg Lofty | D8: 330 | E8: 40 | F8: =D8*E8% -> 132 | G8: ='Ref Type'!B3 -> 2.3 | H8: =D8/G8 -> 143.47826 | I8: =F8/G8 -> 57.391304
A9: Live Wall | D9: 530 | E9: 50 | F9: =D9*E9% -> 265 | G9: ='Ref Type'!B3 -> 2.3 | H9: =D9/G9 -> 230.43478 | I9: =F9/G9 -> 115.21739
A10: Live Wall Lofty | D10: 590 | E10: 50 | F10: =D10*E10% -> 295 | G10: ='Ref Type'!B3 -> 2.3 | H10: =D10/G10 -> 256.52174 | I10: =F10/G10 -> 128.26087
A11: High Meat | D11: 400 | E11: 50 | F11: =D11*E11% -> 200 | G11: ='Ref Type'!B3 -> 2.3 | H11: =D11/G11 -> 173.91304 | I11: =F11/G11 -> 86.956522
A12: High Meat Lofty | D12: 450 | E12: 50 | F12: =D12*E12% -> 225 | G12: ='Ref Type'!B3 -> 2.3 | H12: =D12/G12 -> 195.65217 | I12: =F12/G12 -> 97.826087

Sheet Ref Type
A1: refrigiration plant type | B1: COP | C1: Age
A2: Simplex | B2: 1.9
A3: Multiplex | B3: 2.3
A4: waterloop | B4: 4.2
A5: DX | B5: 2.5

Sheet Leds
